Create,2021-04-30 23:05:52.197
Create,2021-04-30 23:08:29.882
View_Users,2021-04-30 23:08:51.173
Add_Restaurant,2021-04-30 23:26:52.16
View_Restaurant,2021-04-30 23:27:09.968
View_Restaurant,2021-04-30 23:28:00.527
Hire,2021-05-01 11:33:46.271
View_Employees,2021-05-01 11:34:02.751
Add_Restaurant,2021-05-01 11:46:57.355
View_Restaurant,2021-05-01 11:47:22.335
Add_Food,2021-05-01 11:50:34.708
View_Restaurant,2021-05-01 11:50:55.531
Add_Drink,2021-05-25 15:09:40.785
View_Restaurant,2021-05-25 15:10:11.571
Add_Drink,2021-05-25 17:18:58.276
View_Restaurant,2021-05-25 17:19:58.936
Add_Drink,2021-05-25 17:45:35.181
Add_Drink,2021-05-25 17:48:30.083
Add_Drink,2021-05-25 17:55:35.723
Add_Drink,2021-05-25 17:56:45.278
Add_Drink,2021-05-25 18:00:27.031
View_Restaurant,2021-05-25 18:01:27.264
Add_Restaurant,2021-05-25 18:23:41.481
Create,2021-05-25 19:06:51.292
